{
  "config": {
    "model": "ESNCustomizable (Ginibre isospectral W, feedback_scaling=0)",
    "task": "santafe_laser",
    "n_optuna_trials": 100,
    "n_reservoir": 400,
    "iso_iterations": 50,
    "readout_inputs": true,
    "warmup": 100,
    "seed": 0
  },
  "val_nmse": 0.01988633145378459,
  "test_nmse": 0.017194576729067438,
  "persistence_test_nmse": 0.9218172105629348,
  "best_params": {
    "r_min": 0.5432889389229903,
    "r_max": 0.5902450868679924,
    "alpha": 6.757130122089539,
    "sparsity": 0.9825342646413353,
    "input_scaling": 1.6912351852604095,
    "leaky_rate": 0.7408352712985005,
    "ridge": 0.09320506344928257,
    "noise": 0.00017447889030484793
  }
}