{
  "config": {
    "method": "generate_isospectral_sparse_matrix + sample_eigenvalues_ginibre",
    "n_reservoir": 400,
    "sparsity": 0.95,
    "iterations": 50,
    "n_matrices_per_config": 5,
    "seed": 0,
    "note": "stats computed on nonzero entries pooled over matrices"
  },
  "results": {
    "ring_narrow": {
      "fits_real": {
        "normal": {
          "params": [
            0.00011585037549074719,
            0.08540717565202961
          ],
          "ks_stat": 0.29600266173692136,
          "ks_p": 0.0,
          "loglik": 110464.04480554885,
          "aic": -220924.0896110977
        },
        "laplace": {
          "params": [
            -4.495950417274851e-05,
            0.027904146683277658
          ],
          "ks_stat": 0.12062292714121622,
          "ks_p": 0.0,
          "loglik": 200037.82779053756,
          "aic": -400071.6555810751
        },
        "cauchy": {
          "params": [
            -2.0625749123999866e-05,
            0.01168964833437619
          ],
          "ks_stat": 0.05049716731358578,
          "ks_p": 1.634571913306316e-235,
          "loglik": 233106.63161734544,
          "aic": -466209.2632346909
        },
        "student_t": {
          "params": [
            1.6448869992986597,
            -1.481271209175024e-05,
            0.01337364493689163
          ],
          "ks_stat": 0.042693251033112445,
          "ks_p": 1.9307992506008584e-168,
          "loglik": 236725.9448191098,
          "aic": -473445.8896382196
        }
      },
      "fits_imag": {
        "normal": {
          "params": [
            -0.00022288831265283943,
            0.08575348002181109
          ],
          "ks_stat": 0.2986515902266969,
          "ks_p": 0.0,
          "loglik": 110034.8113499906,
          "aic": -220065.6226999812
        },
        "laplace": {
          "params": [
            8.257342973851811e-05,
            0.027864161280764303
          ],
          "ks_stat": 0.12123009032311154,
          "ks_p": 0.0,
          "loglik": 200189.9361283318,
          "aic": -400375.8722566636
        },
        "cauchy": {
          "params": [
            0.00011396033552871007,
            0.011585461536897351
          ],
          "ks_stat": 0.05071839259477473,
          "ks_p": 1.40592515971602e-237,
          "loglik": 233956.0126042189,
          "aic": -467908.0252084378
        },
        "student_t": {
          "params": [
            1.6377287521021735,
            0.00010945541626222489,
            0.013232650692624717
          ],
          "ks_stat": 0.04262764344927594,
          "ks_p": 6.337457624940498e-168,
          "loglik": 237532.86541284213,
          "aic": -475059.73082568427
        }
      },
      "eigenvalue_params": {
        "r_min": 0.85,
        "r_max": 0.9,
        "alpha": 1.0
      },
      "n_matrices": 5,
      "fraction_zero_mean": 0.8674075,
      "spectral_radius_mean": 0.8951715156300036,
      "spectral_radius_std": 0.0007257913581103562,
      "real": {
        "n": 106074,
        "mean": 0.00011585037549074719,
        "variance": 0.007294385652856639,
        "std": 0.08540717565202961,
        "min": -0.8865096883277405,
        "max": 0.8880295917555014,
        "median": -4.495950417274851e-05,
        "skewness": 0.07377889293539917,
        "kurtosis_excess": 56.962407939950396,
        "ks_vs_fitted_normal": {
          "stat": 0.29600266173692136,
          "p": 0.0
        },
        "ks_vs_fitted_uniform": {
          "stat": 0.4374051856432797,
          "p": 0.0
        },
        "dagostino_normality": {
          "stat": 36389.74638300557,
          "p": 0.0
        }
      },
      "imag": {
        "n": 106074,
        "mean": -0.00022288831265283943,
        "variance": 0.0073536593358511535,
        "std": 0.08575348002181109,
        "min": -0.888625209581952,
        "max": 0.8883387440110662,
        "median": 8.257342973851811e-05,
        "skewness": -0.27646658990513434,
        "kurtosis_excess": 56.38423735118593,
        "ks_vs_fitted_normal": {
          "stat": 0.2986515902266969,
          "p": 0.0
        },
        "ks_vs_fitted_uniform": {
          "stat": 0.43766654604514277,
          "p": 0.0
        },
        "dagostino_normality": {
          "stat": 37500.83625779532,
          "p": 0.0
        }
      },
      "abs": {
        "n": 106074,
        "mean": 0.04382659165325604,
        "variance": 0.012727337953275958,
        "std": 0.11281550404654477,
        "min": 0.010000193121636991,
        "max": 0.8969195681756283,
        "median": 0.01813598460712073,
        "skewness": 6.107701105816745,
        "kurtosis_excess": 39.147746735746544,
        "ks_vs_fitted_normal": {
          "stat": 0.3821502849285289,
          "p": 0.0
        },
        "ks_vs_fitted_uniform": {
          "stat": 0.85663378036842,
          "p": 0.0
        },
        "dagostino_normality": {
          "stat": 119242.84251763143,
          "p": 0.0
        }
      }
    },
    "ring_pushed": {
      "fits_real": {
        "normal": {
          "params": [
            -0.000508864495412778,
            0.07946585020118475
          ],
          "ks_stat": 0.2839472469799421,
          "ks_p": 0.0,
          "loglik": 128022.3272427136,
          "aic": -256040.6544854272
        },
        "laplace": {
          "params": [
            -6.920308656460726e-05,
            0.027410316359078635
          ],
          "ks_stat": 0.10771438867997209,
          "ks_p": 0.0,
          "loglik": 218874.69843517645,
          "aic": -437745.3968703529
        },
        "cauchy": {
          "params": [
            -4.568099587806999e-05,
            0.012244555603606882
          ],
          "ks_stat": 0.05138174603655546,
          "ks_p": 3.0157219284950266e-264,
          "loglik": 248541.38611169445,
          "aic": -497078.7722233889
        },
        "student_t": {
          "params": [
            1.706815219510788,
            -2.0257544659588467e-05,
            0.014160861326442566
          ],
          "ks_stat": 0.041112329537769665,
          "ks_p": 2.701197806603167e-169,
          "loglik": 252896.366541615,
          "aic": -505786.73308323
        }
      },
      "fits_imag": {
        "normal": {
          "params": [
            0.00034029312085856066,
            0.07950889182113743
          ],
          "ks_stat": 0.28435863958395824,
          "ks_p": 0.0,
          "loglik": 127960.06996497998,
          "aic": -255916.13992995996
        },
        "laplace": {
          "params": [
            -5.416937060019081e-06,
            0.027254071811864015
          ],
          "ks_stat": 0.10796315835299264,
          "ks_p": 0.0,
          "loglik": 219531.94934724167,
          "aic": -439059.89869448333
        },
        "cauchy": {
          "params": [
            1.8320145988024706e-05,
            0.012212751977206329
          ],
          "ks_stat": 0.052040747195051265,
          "ks_p": 4.621075171069875e-271,
          "loglik": 249218.7996019411,
          "aic": -498433.5992038822
        },
        "student_t": {
          "params": [
            1.7180474074152943,
            6.871654440663922e-06,
            0.014126843274676894
          ],
          "ks_stat": 0.041778655525215425,
          "ks_p": 8.153860770448324e-175,
          "loglik": 253674.57733967685,
          "aic": -507343.1546793537
        }
      },
      "eigenvalue_params": {
        "r_min": 0.1,
        "r_max": 0.9,
        "alpha": 8.0
      },
      "n_matrices": 5,
      "fraction_zero_mean": 0.8562825000000001,
      "spectral_radius_mean": 0.8972251618167068,
      "spectral_radius_std": 0.001284908166139279,
      "real": {
        "n": 114974,
        "mean": -0.000508864495412778,
        "variance": 0.006314821348197135,
        "std": 0.07946585020118475,
        "min": -0.8888090592782554,
        "max": 0.8906271118792745,
        "median": -6.920308656460726e-05,