{
  "config": {
    "method": "generate_isospectral_sparse_matrix + sample_eigenvalues_ginibre",
    "n_reservoir": 100,
    "sparsity": 0.95,
    "iterations": 50,
    "n_matrices_per_config": 5,
    "seed": 0,
    "note": "stats computed on nonzero entries pooled over matrices"
  },
  "results": {
    "ring_narrow": {
      "fits_real": {
        "normal": {
          "params": [
            -0.0030472754786240105,
            0.16091709179189403
          ],
          "ks_stat": 0.33877571025458797,
          "ks_p": 0.0,
          "loglik": 3094.12986938298,
          "aic": -6184.25973876596
        },
        "laplace": {
          "params": [
            0.000720717276728319,
            0.05665007938074752
          ],
          "ks_stat": 0.2144424021151765,
          "ks_p": 1.283980076365103e-306,
          "loglik": 8932.966073076816,
          "aic": -17861.93214615363
        },
        "cauchy": {
          "params": [
            0.0009257093303553479,
            0.012866596567949804
          ],
          "ks_stat": 0.04526522885389772,
          "ks_p": 6.070566350431151e-14,
          "loglik": 13902.20174284503,
          "aic": -27800.40348569006
        },
        "student_t": {
          "params": [
            1.0135329707532936,
            0.0009202953549670471,
            0.012924960130849579
          ],
          "ks_stat": 0.04464467954573903,
          "ks_p": 1.4168071008605025e-13,
          "loglik": 13902.479148559685,
          "aic": -27798.95829711937
        }
      },
      "fits_imag": {
        "normal": {
          "params": [
            -6.255533846853284e-05,
            0.15968040586148913
          ],
          "ks_stat": 0.3252385883811578,
          "ks_p": 0.0,
          "loglik": 3152.6475395259695,
          "aic": -6301.295079051939
        },
        "laplace": {
          "params": [
            0.0006632627873075938,
            0.05743536733641703
          ],
          "ks_stat": 0.2037446976775712,
          "ks_p": 1.5078147913080625e-276,
          "loglik": 8828.544284147807,
          "aic": -17653.088568295614
        },
        "cauchy": {
          "params": [
            0.0007171458676191296,
            0.013933655491228507
          ],
          "ks_stat": 0.05333331896909693,
          "ks_p": 3.4226911133963737e-19,
          "loglik": 13411.702338454852,
          "aic": -26819.404676909704
        },
        "student_t": {
          "params": [
            1.0328584401174616,
            0.0006951530725600305,
            0.014081315745905255
          ],
          "ks_stat": 0.05272979389044796,
          "ks_p": 9.05282411332088e-19,
          "loglik": 13413.27269578805,
          "aic": -26820.5453915761
        }
      },
      "eigenvalue_params": {
        "r_min": 0.85,
        "r_max": 0.9,
        "alpha": 1.0
      },
      "n_matrices": 5,
      "fraction_zero_mean": 0.8483,
      "spectral_radius_mean": 0.900341371079217,
      "spectral_radius_std": 0.002781374423634775,
      "real": {
        "n": 7585,
        "mean": -0.0030472754786240105,
        "variance": 0.02589431043076085,
        "std": 0.16091709179189403,
        "min": -0.8851370799235204,
        "max": 0.8846235353669843,
        "median": 0.000720717276728319,
        "skewness": -0.4795615405245994,
        "kurtosis_excess": 16.059801855120917,
        "ks_vs_fitted_normal": {
          "stat": 0.33877571025458797,
          "p": 0.0
        },
        "ks_vs_fitted_uniform": {
          "stat": 0.41108918638483316,
          "p": 0.0
        },
        "dagostino_normality": {
          "stat": 1952.550902024645,
          "p": 0.0
        }
      },
      "imag": {
        "n": 7585,
        "mean": -6.255533846853284e-05,
        "variance": 0.025497832016089895,
        "std": 0.15968040586148913,
        "min": -0.8963249602818162,
        "max": 0.8888101328788632,
        "median": 0.0006632627873075938,
        "skewness": -0.03028335294628097,
        "kurtosis_excess": 16.109154986808274,
        "ks_vs_fitted_normal": {
          "stat": 0.3252385883811578,
          "p": 0.0
        },
        "ks_vs_fitted_uniform": {
          "stat": 0.4085377811832599,
          "p": 0.0
        },
        "dagostino_normality": {
          "stat": 1693.1268170691296,
          "p": 0.0
        }
      },
      "abs": {
        "n": 7585,
        "mean": 0.08977411797861522,
        "variance": 0.043342039989025416,
        "std": 0.20818751160678542,
        "min": 0.010001280862359635,
        "max": 0.9032329874007223,
        "median": 0.019847616514103373,
        "skewness": 3.122425742517489,
        "kurtosis_excess": 8.33624006371904,
        "ks_vs_fitted_normal": {
          "stat": 0.400215918829707,
          "p": 0.0
        },
        "ks_vs_fitted_uniform": {
          "stat": 0.79190640060544,
          "p": 0.0
        },
        "dagostino_normality": {
          "stat": 4751.402806222359,
          "p": 0.0
        }
      }
    },
    "ring_pushed": {
      "fits_real": {
        "normal": {
          "params": [
            -0.0006214375379040676,
            0.15571199654626677
          ],
          "ks_stat": 0.32692335981997667,
          "ks_p": 0.0,
          "loglik": 3265.951071482536,
          "aic": -6527.902142965072
        },
        "laplace": {
          "params": [
            -0.0006746196905177954,
            0.05616932055991578
          ],
          "ks_stat": 0.20016593159416535,
          "ks_p": 1.1526753557916165e-260,
          "loglik": 8788.832808353152,
          "aic": -17573.665616706305
        },
        "cauchy": {
          "params": [
            -0.0005381496117050715,
            0.013807401384579516
          ],
          "ks_stat": 0.049817853919022825,
          "ks_p": 2.0268414789491416e-16,
          "loglik": 13266.946009709563,
          "aic": -26529.892019419127
        },
        "student_t": {
          "params": [
            1.0503568726420314,
            -0.0005245577418792999,
            0.014020171248492468
          ],
          "ks_stat": 0.049270738098566746,
          "ks_p": 4.531375466689488e-16,
          "loglik": 13270.519447006347,
          "aic": -26535.038894012694
        }
      },
      "fits_imag": {
        "normal": {
          "params": [
            0.0005594757310728058,
            0.1578270931780006
          ],
          "ks_stat": 0.32995612717270584,
          "ks_p": 0.0,
          "loglik": 3165.9891262349984,
          "aic": -6327.978252469997
        },
        "laplace": {
          "params": [
            0.0002957644551509776,
            0.05542752938595697
          ],
          "ks_stat": 0.21112092748828992,
          "ks_p": 3.156377187722247e-290,
          "loglik": 8887.330422859326,
          "aic": -17770.660845718652
        },
        "cauchy": {
          "params": [
            0.00038481286132180793,
            0.012813584011369204
          ],
          "ks_stat": 0.04333940280481585,
          "ks_p": 1.5710729368038536e-12,
          "loglik": 13654.690879544103,
          "aic": -27305.381759088206
        },
        "student_t": {
          "params": [
            1.0212354920868054,
            0.00037726641000154076,
            0.012902970558317151
          ],
          "ks_stat": 0.042328554024937404,
          "ks_p": 5.678248860139625e-12,
          "loglik": 13655.340931819279,
          "aic": -27304.681863638558
        }
      },
      "eigenvalue_params": {
        "r_min": 0.1,
        "r_max": 0.9,
        "alpha": 8.0
      },
      "n_matrices": 5,
      "fraction_zero_mean": 0.85182,
      "spectral_radius_mean": 0.9059735124637223,
      "spectral_radius_std": 0.0037308917810029408,
      "real": {
        "n": 7409,
        "mean": -0.0006214375379040676,
        "variance": 0.024246225868424596,
        "std": 0.15571199654626677,
        "min": -0.8938648891183684,
        "max": 0.9031363092123198,