{
  "config": {
    "task": "santafe_laser",
    "n_optuna_trials": 100,
    "n_reservoir": 400,
    "iso_iterations": 50,
    "readout_inputs": true,
    "warmup": 100,
    "reservoir_seed": 0,
    "optuna_seeds": [
      0,
      1,
      2,
      3,
      4,
      5,
      6,
      7,
      8,
      9
    ],
    "note": "reservoir fixed; only the optuna (TPE) seed varies -> variance of the full tuning process"
  },
  "persistence_test_nmse": 0.9218172105629348,
  "esn": {
    "scores": [
      0.017410298775610268,
      0.005277727255600059,
      0.009457078690043074,
      0.010429526531590214,
      0.0074398641722393105,
      0.005756527958436725,
      0.02453805436816044,
      0.016932587304616952,
      0.008976243063145864,
      0.5092104431030343
    ],
    "mean": 0.061542835122247716,
    "std": 0.14933423748202546,
    "min": 0.005277727255600059,
    "max": 0.5092104431030343,
    "median": 0.009943302610816645
  },
  "ginibre": {
    "scores": [
      0.02777050385032338,
      0.012643180185492441,
      0.027663502103606283,
      0.01784782058209874,
      0.007342424821109367,
      0.00974824906944088,
      0.007142722409122869,
      0.021445833005159,
      0.04226628320995332,
      0.009731800344780026
    ],
    "mean": 0.018360231958108632,
    "std": 0.010885367219906869,
    "min": 0.007142722409122869,
    "max": 0.04226628320995332,
    "median": 0.015245500383795591
  },
  "runs": [
    {
      "model": "esn",
      "opt_seed": 0,
      "val": 0.011343197034731332,
      "test": 0.017410298775610268,
      "best_params": {
        "spectral_radius": 0.8408470105195052,
        "sparsity": 0.9414841297966213,
        "input_scaling": 1.992678914572679,
        "leaky_rate": 0.896909058255892,
        "ridge": 0.09558382617492014,
        "noise": 0.000712978442815467
      }
    },
    {
      "model": "esn",
      "opt_seed": 1,
      "val": 0.006068902726597107,
      "test": 0.005277727255600059,
      "best_params": {
        "spectral_radius": 1.0852268947528905,
        "sparsity": 0.9014950746106362,
        "input_scaling": 0.8212400478350274,
        "leaky_rate": 0.8614327979114852,
        "ridge": 0.0578672747015191,
        "noise": 0.0008384990069133946
      }
    },
    {
      "model": "esn",
      "opt_seed": 2,
      "val": 0.006772442617268251,
      "test": 0.009457078690043074,
      "best_params": {
        "spectral_radius": 1.1587027337394278,
        "sparsity": 0.9672840703161291,
        "input_scaling": 1.194778090567677,
        "leaky_rate": 0.9815277642196908,
        "ridge": 0.010379871064582886,
        "noise": 0.005321028954048084
      }
    },
    {
      "model": "esn",
      "opt_seed": 3,
      "val": 0.009665102531400757,
      "test": 0.010429526531590214,
      "best_params": {
        "spectral_radius": 1.0664836884618696,
        "sparsity": 0.9598244554199032,
        "input_scaling": 0.804668235567009,
        "leaky_rate": 0.6703699388517015,
        "ridge": 8.967655132896116e-06,
        "noise": 0.007676075430668015
      }
    },
    {
      "model": "esn",
      "opt_seed": 4,
      "val": 0.00782754125692549,
      "test": 0.0074398641722393105,
      "best_params": {
        "spectral_radius": 1.085059357473405,
        "sparsity": 0.9896411929176748,
        "input_scaling": 0.6178081236046037,
        "leaky_rate": 0.816465288092325,
        "ridge": 0.057109818616052514,
        "noise": 0.005397123042739408
      }
    },
    {
      "model": "esn",
      "opt_seed": 5,
      "val": 0.005259450345761324,
      "test": 0.005756527958436725,
      "best_params": {
        "spectral_radius": 0.9566604857455119,
        "sparsity": 0.9833500078007741,
        "input_scaling": 0.5763809842660741,
        "leaky_rate": 0.9982020267689865,
        "ridge": 0.09566287605625043,
        "noise": 1.1113560819678756e-05
      }
    },
    {
      "model": "esn",
      "opt_seed": 6,
      "val": 0.014539166847702284,
      "test": 0.02453805436816044,
      "best_params": {
        "spectral_radius": 1.4820825431904696,
        "sparsity": 0.9647037994049904,
        "input_scaling": 2.3859949677801127,
        "leaky_rate": 0.898315439579887,
        "ridge": 2.2277846333850336e-05,
        "noise": 1.5946034951928662e-06
      }
    },
    {
      "model": "esn",
      "opt_seed": 7,
      "val": 0.012018080398033561,
      "test": 0.016932587304616952,
      "best_params": {
        "spectral_radius": 0.9703638982208498,
        "sparsity": 0.9611111393601793,
        "input_scaling": 2.2891961194456694,
        "leaky_rate": 0.864707769030103,
        "ridge": 0.09965906275775445,
        "noise": 7.670518320655393e-06
      }
    },
    {
      "model": "esn",
      "opt_seed": 8,
      "val": 0.007529412088617334,
      "test": 0.008976243063145864,
      "best_params": {
        "spectral_radius": 1.28043204714514,
        "sparsity": 0.9305809813628657,
        "input_scaling": 0.7983377319128396,
        "leaky_rate": 0.8220346527324542,
        "ridge": 0.006957407809776646,
        "noise": 0.000380706315134637
      }
    },
    {
      "model": "esn",
      "opt_seed": 9,
      "val": 0.49703480699559516,
      "test": 0.5092104431030343,
      "best_params": {
        "spectral_radius": 0.551068127337252,
        "sparsity": 0.9103448722437024,
        "input_scaling": 0.43190217830668576,
        "leaky_rate": 0.8984366791245163,
        "ridge": 0.008028723952506202,
        "noise": 1.2615087025053862e-05
      }
    },
    {
      "model": "ginibre",
      "opt_seed": 0,
      "val": 0.02598259861501986,
      "test": 0.02777050385032338,
      "best_params": {
        "r_min": 0.3438960285915429,
        "r_max": 0.3826870241532968,
        "alpha": 1.7773494263040712,
        "sparsity": 0.9246058350989658,
        "input_scaling": 0.567412549311781,
        "leaky_rate": 0.9555448279164842,
        "ridge": 0.0010275499716045863,
        "noise": 2.9466569019776307e-05
      }
    },
    {
      "model": "ginibre",
      "opt_seed": 1,
      "val": 0.012228965453578725,
      "test": 0.012643180185492441,
      "best_params": {
        "r_min": 0.41994923949769114,
        "r_max": 0.6255201447766421,
        "alpha": 6.125085666244541,
        "sparsity": 0.9064485413218886,
        "input_scaling": 1.250946815478869,
        "leaky_rate": 0.992290217791527,
        "ridge": 0.0704072742517511,
        "noise": 0.0019905384858608243
      }
    },
    {
      "model": "ginibre",
      "opt_seed": 2,
      "val": 0.02225407751702259,
      "test": 0.027663502103606283,
      "best_params": {
        "r_min": 0.13933705985229478,
        "r_max": 0.33188517993789984,
        "alpha": 1.3728099218185235,
        "sparsity": 0.9814436427371559,
        "input_scaling": 3.995823282286352,
        "leaky_rate": 0.9626377028239359,
        "ridge": 0.002069147807620786,
        "noise": 2.9364431619774297e-05
      }
    },
    {
      "model": "ginibre",
      "opt_seed": 3,
      "val": 0.018644616088315278,
      "test": 0.01784782058209874,
      "best_params": {
        "r_min": 0.5502900291808623,
        "r_max": 0.5876857035108642,
        "alpha": 9.212468110137381,
        "sparsity": 0.9744280065496528,
        "input_scaling": 0.9922477590698401,
        "leaky_rate": 0.7549173491022114,
        "ridge": 0.05971088329438074,
        "noise": 0.0032661463255900056
      }
    },
    {
      "model": "ginibre",
      "opt_seed": 4,
      "val": 0.014054561317431918,
      "test": 0.007342424821109367,
      "best_params": {
        "r_min": 0.5055560051428001,
        "r_max": 0.7354227981396115,
        "alpha": 1.4155757820326815,
        "sparsity": 0.9473808661054036,
        "input_scaling": 1.052338409860454,
        "leaky_rate": 0.8891843458209626,
        "ridge": 0.05805539524841036,
        "noise": 0.00031984140615134624
      }
    },
    {
      "model": "ginibre",
      "opt_seed": 5,
      "val": 0.014274975435040967,