{
  "config": {
    "model": "ESNCustomizable (Ginibre isospectral W, feedback_scaling=0)",
    "task": "ett",
    "file": "ETTh1",
    "horizon": 24,
    "lag": 24,
    "readout_inputs": true,
    "n_optuna_trials": 2,
    "n_reservoir": 400,
    "iso_iterations": 50,
    "warmup": 100,
    "seed": 0
  },
  "val_nmse": 0.5930408239364624,
  "test_nmse": 1.0745418071746826,
  "persistence_test_nmse": 0.4571158289909363,
  "best_params": {
    "r_min": 0.9154796224759778,
    "r_max": 0.947888244405517,
    "alpha": 7.9380778770183795,
    "sparsity": 0.9476005427777614,
    "input_scaling": 2.8834183493602685,
    "leaky_rate": 0.70989362574059,
    "ridge": 3.7007390737761386e-09,
    "noise": 2.231090560744303e-06
  }
}