{
  "config": {
    "model": "ESNCustomizable (Ginibre isospectral W, feedback_scaling=0)",
    "task": "jena",
    "horizon": 12,
    "lag": 12,
    "readout_inputs": true,
    "n_optuna_trials": 100,
    "n_reservoir": 400,
    "iso_iterations": 50,
    "warmup": 100,
    "seed": 0
  },
  "val_nmse": 0.039379410445690155,
  "test_nmse": 0.02783537097275257,
  "persistence_test_nmse": 0.049268487840890884,
  "best_params": {
    "r_min": 0.52336417898882,
    "r_max": 0.6560378537186426,
    "alpha": 4.540685816422413,
    "sparsity": 0.9416178471411957,
    "input_scaling": 0.8192814739017622,
    "leaky_rate": 0.45893609081798886,
    "ridge": 1.6113237523824516e-06,
    "noise": 0.00023685431345186247
  }
}