{
  "config": {
    "n_val": 5,
    "n_test": 20,
    "n_optuna_trials": 75,
    "n_reservoir": 400,
    "warmup": 1000,
    "seed": 0,
    "divergence_window": 20,
    "divergence_threshold": 1.0
  },
  "best_val_score_optuna": 557.6,
  "val": {
    "scores": [
      389,
      1041,
      577,
      212,
      528
    ],
    "mean": 549.4,
    "std": 276.5708589132268
  },
  "test": {
    "scores": [
      160,
      228,
      165,
      235,
      391,
      165,
      375,
      292,
      223,
      492,
      285,
      376,
      291,
      281,
      185,
      292,
      233,
      397,
      264,
      131
    ],
    "mean": 273.05,
    "std": 92.51566083642273
  },
  "best_params": {
    "r": 0.8719512117153886,
    "sparsity": 0.9818477270853504,
    "leaky_rate": 0.411942600615228,
    "ridge": 0.06542929896923622,
    "noise": 7.466594854773095e-05,
    "input_scaling": 3.1323963746397414,
    "feedback_scaling": 0.3400927822684703
  }
}