{
  "config": {
    "task": "santafe_laser",
    "n_reservoir": 400,
    "iso_iterations": 50,
    "readout_inputs": true,
    "warmup": 100,
    "seeds": [
      0,
      1,
      2,
      3,
      4,
      5,
      6,
      7,
      8,
      9
    ],
    "note": "hyperparameters fixed from experiment_59/60, only reservoir seed varies"
  },
  "persistence_test_nmse": 0.9218172105629348,
  "esn": {
    "scores": [
      0.011208288466200679,
      0.009315859577127956,
      0.010610380029901103,
      0.011245699134914201,
      0.00906523688540033,
      0.012042356054337063,
      0.009484087283775002,
      0.00700174504907699,
      0.010694368840910847,
      0.00996613670569757
    ],
    "mean": 0.010063415802734173,
    "std": 0.0013636758205509917,
    "min": 0.00700174504907699,
    "max": 0.012042356054337063,
    "median": 0.010288258367799338
  },
  "ginibre": {
    "scores": [
      0.01780016004700421,
      0.017249653259322435,
      0.018739464293085283,
      0.017495330854481943,
      0.016065289026333487,
      0.017345681780392044,
      0.017727905062180485,
      0.01831346648060225,
      0.017657583275938374,
      0.017649334339775218
    ],
    "mean": 0.017604386841911575,
    "std": 0.0006650645313562099,
    "min": 0.016065289026333487,
    "max": 0.018739464293085283,
    "median": 0.017653458807856796
  }
}