{
  "config": {
    "task": "santafe_laser",
    "n_reservoir": 400,
    "iso_iterations": 50,
    "warmup": 100,
    "seeds": [
      0,
      1,
      2,
      3,
      4,
      5,
      6,
      7,
      8,
      9
    ],
    "note": "hyperparameters fixed from experiment_59/60, only reservoir seed varies"
  },
  "persistence_test_nmse": 0.9218172105629348,
  "esn": {
    "scores": [
      0.02618476562525336,
      0.02597531213574708,
      0.02796487681644114,
      0.028076615709672972,
      0.024691219514281788,
      0.024606326846177085,
      0.023661847789636127,
      0.024487221165863892,
      0.0236272667446129,
      0.02219226700949924
    ],
    "mean": 0.02514677193571856,
    "std": 0.001801866272703983,
    "min": 0.02219226700949924,
    "max": 0.028076615709672972,
    "median": 0.024648773180229434
  },
  "ginibre": {
    "scores": [
      0.012335601630637983,
      0.012801832140363695,
      0.01229324032561544,
      0.0114904512381199,
      0.011362915675108247,
      0.011949649104518397,
      0.008587862558066078,
      0.010215087997622996,
      0.009940220040147975,
      0.013704090994107644
    ],
    "mean": 0.011468095170430835,
    "std": 0.0014372052607647906,
    "min": 0.008587862558066078,
    "max": 0.013704090994107644,
    "median": 0.011720050171319149
  }
}