{
  "config": {
    "model": "ESN",
    "task": "santafe_laser",
    "n_optuna_trials": 100,
    "n_reservoir": 400,
    "readout_inputs": true,
    "warmup": 100,
    "seed": 0
  },
  "val_nmse": 0.008497917749278851,
  "test_nmse": 0.01103444744904711,
  "persistence_test_nmse": 0.9218172105629348,
  "best_params": {
    "spectral_radius": 1.2426121241288777,
    "sparsity": 0.9704118483773044,
    "input_scaling": 1.2774779850318851,
    "leaky_rate": 0.6764207188092003,
    "ridge": 2.241948595199261e-05,
    "noise": 0.007734999064653073
  }
}