{
  "config": {
    "task": "jena",
    "horizon": 12,
    "lag": 12,
    "n_optuna_trials": 100,
    "n_reservoir": 400,
    "iso_iterations": 50,
    "readout_inputs": true,
    "warmup": 100,
    "reservoir_seed": 0,
    "optuna_seeds": [
      0,
      1,
      2,
      3,
      4,
      5,
      6,
      7,
      8,
      9
    ],
    "note": "reservoir fixed; only the optuna (TPE) seed varies -> variance of the full tuning process"
  },
  "persistence_test_nmse": 0.049268487840890884,
  "ginibre": {
    "scores": [
      0.024100955575704575,
      0.024001846089959145,
      0.02479427307844162,
      0.0252985842525959,
      0.023077333346009254,
      0.02449088916182518,
      0.02339872531592846,
      0.023594815284013748,
      0.02376609668135643,
      0.022985165938735008
    ],
    "mean": 0.02395086847245693,
    "std": 0.0007075194632155486,
    "min": 0.022985165938735008,
    "max": 0.0252985842525959,
    "median": 0.023883971385657787
  },
  "feedback": {
    "scores": [
      0.02455274388194084,
      0.025291331112384796,
      0.02369939722120762,
      0.024912316352128983,
      0.025581276044249535,
      0.0232512466609478,
      0.0241896640509367,
      0.02530601993203163,
      0.022647859528660774,
      0.02499104104936123
    ],
    "mean": 0.024442289583384992,
    "std": 0.0009248089783193233,
    "min": 0.022647859528660774,
    "max": 0.025581276044249535,
    "median": 0.024732530117034912
  },
  "runs": [
    {
      "model": "ginibre",
      "opt_seed": 0,
      "val": 0.03266892954707146,
      "test": 0.024100955575704575,
      "best_params": {
        "r_min": 0.813833798129069,
        "r_max": 0.9124192947273527,
        "alpha": 7.168225128907652,
        "sparsity": 0.9636344719676941,
        "input_scaling": 0.4034631094708293,
        "leaky_rate": 0.045761002424531856,
        "ridge": 9.377081868252931e-07,
        "noise": 0.004404661055597954
      }
    },
    {
      "model": "ginibre",
      "opt_seed": 1,
      "val": 0.033516328781843185,
      "test": 0.024001846089959145,
      "best_params": {
        "r_min": 0.6747028659575716,
        "r_max": 0.825892459607063,
        "alpha": 6.265351933553723,
        "sparsity": 0.9876675492555004,
        "input_scaling": 0.9038311821838045,
        "leaky_rate": 0.038936591851353126,
        "ridge": 3.432856632175788e-05,
        "noise": 4.798839610663621e-05
      }
    },
    {
      "model": "ginibre",
      "opt_seed": 2,
      "val": 0.03343752399086952,
      "test": 0.02479427307844162,
      "best_params": {
        "r_min": 0.7747399569031532,
        "r_max": 0.8585878613127644,
        "alpha": 1.7282047083153271,
        "sparsity": 0.9594980661127172,
        "input_scaling": 0.5053035061495784,
        "leaky_rate": 0.04583875150467468,
        "ridge": 3.4022663938695907e-06,
        "noise": 2.815309937442768e-05
      }
    },
    {
      "model": "ginibre",
      "opt_seed": 3,
      "val": 0.035948678851127625,
      "test": 0.0252985842525959,
      "best_params": {
        "r_min": 0.39329000365637334,
        "r_max": 0.47700352074234087,
        "alpha": 5.859632031785241,
        "sparsity": 0.909333869509283,
        "input_scaling": 1.3718105414436628,
        "leaky_rate": 0.04039833282163703,
        "ridge": 0.00013696944328809291,
        "noise": 2.8442426041258905e-06
      }
    },
    {
      "model": "ginibre",
      "opt_seed": 4,
      "val": 0.03294758498668671,
      "test": 0.023077333346009254,
      "best_params": {
        "r_min": 0.8908802635728831,
        "r_max": 0.9098660694855891,
        "alpha": 1.0979826700020796,
        "sparsity": 0.9480059711750229,
        "input_scaling": 0.43813389486827725,
        "leaky_rate": 0.03586814665498176,
        "ridge": 0.0004440861290025989,
        "noise": 5.45318809576498e-06
      }
    },
    {
      "model": "ginibre",
      "opt_seed": 5,
      "val": 0.034130021929740906,
      "test": 0.02449088916182518,
      "best_params": {
        "r_min": 0.9092413947943271,
        "r_max": 0.9727534287166267,
        "alpha": 3.5853186196394526,
        "sparsity": 0.9797624621030111,
        "input_scaling": 0.8279313975056433,
        "leaky_rate": 0.03209513135913914,
        "ridge": 1.2891117492286146e-06,
        "noise": 0.007566312371607578
      }
    },
    {
      "model": "ginibre",
      "opt_seed": 6,
      "val": 0.032912734895944595,
      "test": 0.02339872531592846,
      "best_params": {
        "r_min": 0.7084261041578503,
        "r_max": 0.8486140324013242,
        "alpha": 1.845430234211585,
        "sparsity": 0.9774444019855499,
        "input_scaling": 0.6298666646332304,
        "leaky_rate": 0.04407581093457429,
        "ridge": 2.3136471151419722e-07,
        "noise": 7.424929724295562e-05
      }
    },
    {
      "model": "ginibre",
      "opt_seed": 7,
      "val": 0.03312508761882782,
      "test": 0.023594815284013748,
      "best_params": {
        "r_min": 0.8244501658559134,
        "r_max": 0.8947288516222438,
        "alpha": 0.12982954309289174,
        "sparsity": 0.9459164750229773,
        "input_scaling": 0.4857723660373296,
        "leaky_rate": 0.042746190310704396,
        "ridge": 0.09166072032844864,
        "noise": 0.0004914096697640061
      }
    },
    {
      "model": "ginibre",
      "opt_seed": 8,
      "val": 0.03294668346643448,
      "test": 0.02376609668135643,
      "best_params": {
        "r_min": 0.9014621490947559,
        "r_max": 0.9296688581803512,
        "alpha": 3.6260840002860317,
        "sparsity": 0.9597734346586541,
        "input_scaling": 0.32518333197011634,
        "leaky_rate": 0.05063417284577193,
        "ridge": 1.2666624830759543e-06,
        "noise": 4.151685948460258e-05
      }
    },
    {
      "model": "ginibre",
      "opt_seed": 9,
      "val": 0.03311195224523544,
      "test": 0.022985165938735008,
      "best_params": {
        "r_min": 0.6479676467864733,
        "r_max": 0.8771565632948087,
        "alpha": 9.686741977548099,
        "sparsity": 0.9842483917730668,
        "input_scaling": 0.46663778903856995,
        "leaky_rate": 0.040839011781162705,
        "ridge": 0.01859364029885767,
        "noise": 0.003959220099647149
      }
    },
    {
      "model": "feedback",
      "opt_seed": 0,
      "val": 0.034270212054252625,
      "test": 0.02455274388194084,
      "best_params": {
        "spectral_radius": 1.340638459385365,
        "sparsity": 0.9418780465854771,
        "input_scaling": 1.0886326756478524,
        "leaky_rate": 0.030325614477288064,
        "ridge": 0.000628191428560415,
        "noise": 0.0007199368585570239,
        "feedback_scaling": 0.0071002010957464945
      }
    },
    {
      "model": "feedback",
      "opt_seed": 1,
      "val": 0.03568137064576149,
      "test": 0.025291331112384796,
      "best_params": {
        "spectral_radius": 1.2787455829908754,
        "sparsity": 0.9237510253156775,
        "input_scaling": 1.9445395106490415,
        "leaky_rate": 0.035562528684682355,
        "ridge": 2.986154215750716e-07,
        "noise": 0.007040776490946188,
        "feedback_scaling": 0.04362882454375379
      }
    },
    {
      "model": "feedback",
      "opt_seed": 2,
      "val": 0.03310772031545639,
      "test": 0.02369939722120762,
      "best_params": {
        "spectral_radius": 1.4352391177228132,
        "sparsity": 0.9489787344133293,
        "input_scaling": 0.5022651191476215,
        "leaky_rate": 0.05403620036281663,
        "ridge": 0.006409203069892339,
        "noise": 4.2179378105206985e-05,
        "feedback_scaling": 0.02720236589484959
      }
    },
    {
      "model": "feedback",
      "opt_seed": 3,
      "val": 0.03483211249113083,
      "test": 0.024912316352128983,
      "best_params": {
        "spectral_radius": 1.3915903627315307,
        "sparsity": 0.9140212327960177,
        "input_scaling": 1.2478217423655182,
        "leaky_rate": 0.020625491634040885,