{
  "config": {
    "task": "jena",
    "horizon": 24,
    "lag": 24,
    "n_optuna_trials": 100,
    "n_reservoir": 400,
    "iso_iterations": 50,
    "readout_inputs": true,
    "warmup": 100,
    "reservoir_seed": 0,
    "optuna_seeds": [
      0,
      1,
      2,
      3,
      4,
      5,
      6,
      7,
      8,
      9
    ],
    "note": "reservoir fixed; only the optuna (TPE) seed varies -> variance of the full tuning process"
  },
  "persistence_test_nmse": 0.15368780493736267,
  "ginibre": {
    "scores": [
      0.06341608613729477,
      0.06802528351545334,
      0.06614074110984802,
      0.07489405572414398,
      0.0718974620103836,
      0.0645410344004631,
      0.06322772055864334,
      0.06376366317272186,
      0.06578154861927032,
      0.06491998583078384
    ],
    "mean": 0.06666075810790062,
    "std": 0.0036925050139772634,
    "min": 0.06322772055864334,
    "max": 0.07489405572414398,
    "median": 0.06535076722502708
  },
  "feedback": {
    "scores": [
      0.07348476350307465,
      0.07241122424602509,
      0.06424730271100998,
      0.06872982531785965,
      0.07176937907934189,
      0.06990500539541245,
      0.07112012058496475,
      0.07028833776712418,
      0.07095536589622498,
      0.07211227715015411
    ],
    "mean": 0.07050236016511917,
    "std": 0.00244934206171283,
    "min": 0.06424730271100998,
    "max": 0.07348476350307465,
    "median": 0.07103774324059486
  },
  "runs": [
    {
      "model": "ginibre",
      "opt_seed": 0,
      "val": 0.08842611312866211,
      "test": 0.06341608613729477,
      "best_params": {
        "r_min": 0.9181102624423478,
        "r_max": 0.993834469481376,
        "alpha": 9.532504782515144,
        "sparsity": 0.9286653406624312,
        "input_scaling": 0.2358411969150458,
        "leaky_rate": 0.05240210778173654,
        "ridge": 0.0014663252588797465,
        "noise": 5.7295275238478635e-05
      }
    },
    {
      "model": "ginibre",
      "opt_seed": 1,
      "val": 0.09494949132204056,
      "test": 0.06802528351545334,
      "best_params": {
        "r_min": 0.6259801923153647,
        "r_max": 0.6394837581199853,
        "alpha": 3.3429695532857395,
        "sparsity": 0.9689232797100166,
        "input_scaling": 0.7046631172967652,
        "leaky_rate": 0.05038756376420315,
        "ridge": 0.002242611751604899,
        "noise": 1.8457241666874114e-05
      }
    },
    {
      "model": "ginibre",
      "opt_seed": 2,
      "val": 0.0940270721912384,
      "test": 0.06614074110984802,
      "best_params": {
        "r_min": 0.26560962297953655,
        "r_max": 0.7776034439787854,
        "alpha": 8.479609088696227,
        "sparsity": 0.9000643660704416,
        "input_scaling": 0.7575365914060899,
        "leaky_rate": 0.0410540451918668,
        "ridge": 1.8515338360777398e-08,
        "noise": 1.489767122215731e-06
      }
    },
    {
      "model": "ginibre",
      "opt_seed": 3,
      "val": 0.10524584352970123,
      "test": 0.07489405572414398,
      "best_params": {
        "r_min": 0.8918861271062932,
        "r_max": 0.9617085083467489,
        "alpha": 3.3428452422440236,
        "sparsity": 0.9202053008173933,
        "input_scaling": 3.282066523044479,
        "leaky_rate": 0.03971124967609051,
        "ridge": 2.240250700400632e-06,
        "noise": 0.0005099369909484675
      }
    },
    {
      "model": "ginibre",
      "opt_seed": 4,
      "val": 0.1004619374871254,
      "test": 0.0718974620103836,
      "best_params": {
        "r_min": 0.6619598513600178,
        "r_max": 0.6858276280459693,
        "alpha": 8.688228480898852,
        "sparsity": 0.9817786320023951,
        "input_scaling": 1.3779785452538904,
        "leaky_rate": 0.027140524657135172,
        "ridge": 2.6892614342069744e-07,
        "noise": 1.2385788289359622e-05
      }
    },
    {
      "model": "ginibre",
      "opt_seed": 5,
      "val": 0.08962436765432358,
      "test": 0.0645410344004631,
      "best_params": {
        "r_min": 0.8822536669266459,
        "r_max": 0.949859512637405,
        "alpha": 6.608437355600379,
        "sparsity": 0.9051838655581462,
        "input_scaling": 0.3684466823638304,
        "leaky_rate": 0.03022472186535713,
        "ridge": 0.013486608160847628,
        "noise": 2.5789617746901254e-06
      }
    },
    {
      "model": "ginibre",
      "opt_seed": 6,
      "val": 0.08816812932491302,
      "test": 0.06322772055864334,
      "best_params": {
        "r_min": 0.6596887946714705,
        "r_max": 0.7906087851424796,
        "alpha": 8.591737258707669,
        "sparsity": 0.9793526932538058,
        "input_scaling": 0.5125266944395698,
        "leaky_rate": 0.053797021385330004,
        "ridge": 0.0035668085655948087,
        "noise": 2.7390673073671715e-05
      }
    },
    {
      "model": "ginibre",
      "opt_seed": 7,
      "val": 0.09085667878389359,
      "test": 0.06376366317272186,
      "best_params": {
        "r_min": 0.24472750508455282,
        "r_max": 0.9859257018146022,
        "alpha": 7.1221361394496725,
        "sparsity": 0.9304886724538969,
        "input_scaling": 0.24717741375819102,
        "leaky_rate": 0.06307084333660049,
        "ridge": 1.5177982843587684e-07,
        "noise": 3.384403518675357e-05
      }
    },
    {
      "model": "ginibre",
      "opt_seed": 8,
      "val": 0.09426890313625336,
      "test": 0.06578154861927032,
      "best_params": {
        "r_min": 0.7106388271232071,
        "r_max": 0.8354645262963124,
        "alpha": 0.9697866761421378,
        "sparsity": 0.9419468432111345,
        "input_scaling": 0.6749547239399334,
        "leaky_rate": 0.04881561923596634,
        "ridge": 2.1505998731574555e-08,
        "noise": 1.4326297517577892e-06
      }
    },
    {
      "model": "ginibre",
      "opt_seed": 9,
      "val": 0.09051474183797836,
      "test": 0.06491998583078384,
      "best_params": {
        "r_min": 0.7693475541938194,
        "r_max": 0.8436438148233243,
        "alpha": 5.374845004897358,
        "sparsity": 0.9782523253474705,
        "input_scaling": 0.37824976952627526,
        "leaky_rate": 0.059073977210863285,
        "ridge": 0.000635939803578169,
        "noise": 0.0001751550064581953
      }
    },
    {
      "model": "feedback",
      "opt_seed": 0,
      "val": 0.10466460883617401,
      "test": 0.07348476350307465,
      "best_params": {
        "spectral_radius": 0.9446967319567194,
        "sparsity": 0.9165316719977439,
        "input_scaling": 3.8586920491245373,
        "leaky_rate": 0.02509431166136989,
        "ridge": 0.09732391133159049,
        "noise": 3.4187191376676045e-06,
        "feedback_scaling": 0.04208895620436872
      }
    },
    {
      "model": "feedback",
      "opt_seed": 1,
      "val": 0.10230756551027298,
      "test": 0.07241122424602509,
      "best_params": {
        "spectral_radius": 1.3481868008899511,
        "sparsity": 0.957914602807207,
        "input_scaling": 3.3284121771508484,
        "leaky_rate": 0.021138189828835637,
        "ridge": 5.753902472201797e-06,
        "noise": 0.00043878748992351885,
        "feedback_scaling": 0.0008699797318867681
      }
    },
    {
      "model": "feedback",
      "opt_seed": 2,
      "val": 0.09202520549297333,
      "test": 0.06424730271100998,
      "best_params": {
        "spectral_radius": 1.3399693670121047,
        "sparsity": 0.9712929531416896,
        "input_scaling": 0.3815526173150364,
        "leaky_rate": 0.02795483960802081,
        "ridge": 0.0037952986114386062,
        "noise": 0.003601597805108434,
        "feedback_scaling": 3.730612565713137e-05
      }
    },
    {
      "model": "feedback",
      "opt_seed": 3,
      "val": 0.097763791680336,
      "test": 0.06872982531785965,
      "best_params": {
        "spectral_radius": 1.4414123177494214,
        "sparsity": 0.9799772381910173,
        "input_scaling": 1.3935711262762978,
        "leaky_rate": 0.02446355115574214,
        "ridge": 0.027510588431672745,